City_ID,City,Country,Date,Lat,Lng,Max Temp,Humidity,Cloudiness,Wind Speed
0,San Quintin,MX,2021-04-17 21:28:43,30.4833,-115.95,63.43,64,0,16.35
1,Kapaa,US,2021-04-17 21:28:44,22.0752,-159.319,73.4,68,75,11.5
2,Ancud,CL,2021-04-17 21:28:44,-41.8697,-73.8203,64.4,68,75,5.84
3,Yellowknife,CA,2021-04-17 21:28:45,62.456,-114.3525,36.0,60,75,6.91
4,Kaka,TM,2021-04-17 21:28:45,37.3482,59.6143,65.35,37,7,4.83
5,Rikitea,PF,2021-04-17 21:28:46,-23.1203,-134.9692,77.23,68,97,8.75
6,Puerto Ayora,EC,2021-04-17 21:26:24,-0.7393,-90.3518,81.0,94,90,4.61
7,Airai,TL,2021-04-17 21:28:46,-8.9266,125.4092,58.08,83,94,2.1
8,Kruisfontein,ZA,2021-04-17 21:28:47,-34.0033,24.7314,61.43,40,32,2.86
9,Atuona,PF,2021-04-17 21:28:47,-9.8,-139.0333,80.31,76,46,18.92
10,Rumoi,JP,2021-04-17 21:28:48,43.9344,141.6428,43.7,95,100,5.39
11,Key West,US,2021-04-17 21:25:41,24.5557,-81.7826,82.4,65,20,4.61
12,Punta Arenas,CL,2021-04-17 21:25:29,-53.15,-70.9167,51.8,66,75,9.22
13,Iqaluit,CA,2021-04-17 21:19:52,63.7506,-68.5145,19.4,63,20,6.91
14,New Norfolk,AU,2021-04-17 21:28:49,-42.7826,147.0587,55.0,78,99,5.99
15,Bluff,NZ,2021-04-17 21:28:49,-46.6,168.3333,54.0,84,100,10.0
16,Busselton,AU,2021-04-17 21:28:49,-33.65,115.3333,50.0,88,0,8.3
17,Gushikawa,JP,2021-04-17 21:28:50,26.3544,127.8686,64.4,63,40,13.8
18,Pisco,PE,2021-04-17 21:28:50,-13.7,-76.2167,71.6,73,0,26.46
19,Svetlaya,RU,2021-04-17 21:28:51,46.5389,138.3297,36.64,90,100,9.19
20,Deniliquin,AU,2021-04-17 21:28:51,-35.5333,144.9667,43.0,85,0,5.61
21,Naze,JP,2021-04-17 21:19:44,28.3667,129.4833,58.62,56,77,19.3
22,Bengkulu,ID,2021-04-17 21:24:17,-3.8004,102.2655,75.09,87,100,3.29
23,Fairbanks,US,2021-04-17 21:28:52,64.8378,-147.7164,46.4,46,1,6.91
24,Yanam,IN,2021-04-17 21:28:52,16.7333,82.2167,77.22,86,0,2.64
25,San Rafael,AR,2021-04-17 21:28:53,-34.6177,-68.3301,74.57,49,100,4.36
26,Plettenberg Bay,ZA,2021-04-17 21:28:53,-34.0527,23.3716,66.25,40,46,4.14
27,Coihaique,CL,2021-04-17 21:28:54,-45.5752,-72.0662,59.0,67,75,3.44
28,Tiksi,RU,2021-04-17 21:28:54,71.6872,128.8694,4.84,96,100,10.38
29,Kuandian,CN,2021-04-17 21:28:54,40.7286,124.7847,34.34,88,5,3.71
30,Vaini,TO,2021-04-17 21:28:55,-21.2,-175.2,77.0,73,20,10.36
31,Mount Isa,AU,2021-04-17 21:20:16,-20.7333,139.5,66.2,37,0,13.8
32,Butaritari,KI,2021-04-17 21:28:55,3.0707,172.7902,82.26,76,100,7.45
33,Barrow,US,2021-04-17 21:28:56,71.2906,-156.7887,28.4,80,1,11.5
34,Carnarvon,AU,2021-04-17 21:28:56,-24.8667,113.6333,76.14,65,1,5.3
35,Teya,RU,2021-04-17 21:28:57,60.3778,92.6267,18.7,89,100,8.03
36,Jamestown,US,2021-04-17 21:28:57,42.097,-79.2353,46.99,70,90,9.22
37,Ushuaia,AR,2021-04-17 21:26:08,-54.8,-68.3,55.4,50,75,12.66
38,Svolvaer,NO,2021-04-17 21:28:58,68.2342,14.5683,36.0,68,10,1.01
39,Bredasdorp,ZA,2021-04-17 21:28:58,-34.5322,20.0403,48.2,93,0,2.3
40,Ossora,RU,2021-04-17 21:28:59,59.2353,163.0719,21.45,80,5,5.84
41,Norman Wells,CA,2021-04-17 21:28:59,65.282,-126.8329,48.2,40,20,11.5
42,Port Alfred,ZA,2021-04-17 21:28:59,-33.5906,26.891,65.25,67,38,14.03
43,Ponnani,IN,2021-04-17 21:29:00,10.767,75.9252,77.0,88,20,2.3
44,Kinwat,IN,2021-04-17 21:29:00,19.6333,78.2,88.03,21,6,3.36
45,Upernavik,GL,2021-04-17 21:29:01,72.7868,-56.1549,8.91,79,100,6.29
46,Raudeberg,NO,2021-04-17 21:29:01,61.9875,5.1352,42.01,60,0,6.22
47,Tuktoyaktuk,CA,2021-04-17 21:29:01,69.4541,-133.0374,28.4,80,75,6.91
48,Rorvik,NO,2021-04-17 21:29:02,64.8621,11.2373,41.16,82,4,8.93
49,Mount Gambier,AU,2021-04-17 21:19:19,-37.8333,140.7667,53.6,94,75,8.05
50,Shingu,JP,2021-04-17 21:29:02,33.7333,135.9833,49.08,65,56,11.12
51,Kulhudhuffushi,MV,2021-04-17 21:29:03,6.6221,73.07,83.88,72,40,6.44
52,Paamiut,GL,2021-04-17 21:29:03,61.994,-49.6678,19.98,63,7,11.25
53,Mataura,NZ,2021-04-17 21:29:04,-46.1927,168.8643,54.0,84,100,10.0
54,Thompson,CA,2021-04-17 21:29:04,55.7435,-97.8558,33.8,60,90,11.5
55,Alta Floresta,BR,2021-04-17 21:29:04,-9.8756,-56.0861,86.0,70,20,6.91
56,Kodiak,US,2021-04-17 21:29:05,57.79,-152.4072,42.8,75,90,9.22
57,Port-Cartier,CA,2021-04-17 21:27:12,50.0334,-66.8654,39.0,75,30,6.91
58,Hobart,AU,2021-04-17 21:29:06,-42.8794,147.3294,55.4,62,75,13.8
59,Bandarbeyla,SO,2021-04-17 21:29:06,9.4942,50.8122,80.94,76,24,10.13
60,Severo-Kurilsk,RU,2021-04-17 21:29:07,50.6789,156.125,36.99,69,100,5.37
61,West Odessa,US,2021-04-17 21:29:07,31.8424,-102.4988,46.0,76,90,5.75
62,Vyartsilya,RU,2021-04-17 21:29:07,62.1764,30.693,35.37,92,8,3.24
63,Biak,ID,2021-04-17 21:29:08,-0.9131,122.8766,74.88,81,84,4.29
64,Khatanga,RU,2021-04-17 21:29:08,71.9667,102.5,-0.2,96,100,10.85
65,Kananga,CD,2021-04-17 21:29:09,-5.8958,22.4178,71.26,85,72,4.56
66,Tocopilla,CL,2021-04-17 21:29:09,-22.092,-70.1979,69.3,66,15,5.41
67,Floro,NO,2021-04-17 21:29:09,61.5996,5.0328,42.8,70,0,9.22
68,Sukhumi,GE,2021-04-17 21:29:10,43.0033,41.0153,54.95,88,100,2.24
69,Bambous Virieux,MU,2021-04-17 21:29:10,-20.3428,57.7575,78.01,88,75,8.05
70,Gushi,CN,2021-04-17 21:29:11,34.6425,109.5843,53.82,27,100,3.13
71,Kapit,MY,2021-04-17 21:29:11,2.0167,112.9333,72.28,99,100,1.95
72,Wattegama,LK,2021-04-17 21:29:12,6.7989,81.4808,77.0,100,40,5.75
73,Meudon,FR,2021-04-17 21:27:24,48.8138,2.235,48.99,57,0,12.66
74,Pevek,RU,2021-04-17 21:29:12,69.7008,170.3133,20.53,95,91,9.8
75,Lebu,CL,2021-04-17 21:16:38,-37.6167,-73.65,59.11,77,70,5.5
76,Sumenep,ID,2021-04-17 21:29:13,-7.0167,113.8667,77.86,78,66,3.04
77,Castro,BR,2021-04-17 21:29:13,-24.7911,-50.0119,62.1,88,72,2.04
78,Mar Del Plata,AR,2021-04-17 21:29:11,-38.0023,-57.5575,66.99,94,75,6.91
79,Moron,AR,2021-04-17 21:26:48,-34.6534,-58.6198,73.0,73,100,1.99
80,Arraial Do Cabo,BR,2021-04-17 21:29:14,-22.9661,-42.0278,75.2,88,40,13.8
81,Xuchang,CN,2021-04-17 21:29:15,34.0167,113.8167,50.0,62,0,2.24
82,Lima,PE,2021-04-17 21:27:34,-12.0432,-77.0282,75.99,68,0,14.97
83,Ottumwa,US,2021-04-17 21:29:15,41.02,-92.4113,66.2,29,40,12.66
84,Sidi Ali,DZ,2021-04-17 21:29:16,36.0998,0.4206,52.07,74,3,3.42
85,Te Anau,NZ,2021-04-17 21:29:16,-45.4167,167.7167,50.14,94,100,5.57
86,Cabo San Lucas,MX,2021-04-17 21:14:36,22.8909,-109.9124,82.99,34,1,12.66
87,Coquimbo,CL,2021-04-17 21:28:26,-29.9533,-71.3436,59.0,82,75,10.36
88,Hilo,US,2021-04-17 21:29:17,19.7297,-155.09,82.4,51,20,8.05
89,Pahrump,US,2021-04-17 21:29:17,36.2083,-115.9839,71.01,12,0,15.99
90,Saskylakh,RU,2021-04-17 21:29:18,71.9167,114.0833,6.87,95,100,11.3
91,Upata,VE,2021-04-17 21:29:18,8.0086,-62.3989,90.0,57,82,5.01
92,Ilulissat,GL,2021-04-17 21:29:18,69.2167,-51.1,8.6,61,20,11.5
93,Greenfield,US,2021-04-17 21:29:19,42.9614,-88.0126,57.0,40,75,10.36
94,East London,ZA,2021-04-17 21:29:19,-33.0153,27.9116,65.52,71,100,13.67
95,Nuuk,GL,2021-04-17 21:29:20,64.1835,-51.7216,15.8,53,40,10.36
96,Constitucion,CL,2021-04-17 21:29:20,-35.3333,-72.4167,60.42,75,67,4.36
97,Chokurdakh,RU,2021-04-17 21:29:21,70.6333,147.9167,9.45,92,100,4.45
98,Golaghat,IN,2021-04-17 21:29:21,26.5167,93.9667,68.41,82,11,2.37
99,Cape Town,ZA,2021-04-17 21:29:21,-33.9258,18.4232,66.99,82,0,4.61
100,Labuhan,ID,2021-04-17 21:29:22,-6.8844,112.2051,76.66,88,81,6.04
101,Songjianghe,CN,2021-04-17 21:29:22,42.1859,127.479,27.3,93,28,2.53
102,Hammerfest,NO,2021-04-17 21:29:23,70.6634,23.6821,39.2,70,0,8.05
103,Riwaka,NZ,2021-04-17 21:29:23,-41.0833,173.0,53.01,85,19,1.99
104,Ribeira Grande,PT,2021-04-17 21:29:23,38.5167,-28.7,64.4,94,20,10.36
105,Hermanus,ZA,2021-04-17 21:29:24,-34.4187,19.2345,66.99,57,0,5.7
106,Kahului,US,2021-04-17 21:24:28,20.8947,-156.47,73.0,100,40,9.22
107,Ravar,IR,2021-04-17 21:29:25,31.2656,56.8055,69.48,22,100,5.59
108,Lerwick,GB,2021-04-17 21:29:25,60.1545,-1.1494,42.8,75,0,19.57
109,Llanes,ES,2021-04-17 21:29:26,43.4198,-4.7549,51.01,62,7,11.97
110,Quatre Cocos,MU,2021-04-17 21:29:26,-20.2078,57.7625,78.01,88,75,8.05
111,Saint George,US,2021-04-17 21:29:26,37.1041,-113.5841,66.99,20,20,16.11
112,Dali,CN,2021-04-17 21:29:04,25.7,100.1833,51.57,86,37,4.12
113,Kurikka,FI,2021-04-17 21:29:27,62.6167,22.4167,39.99,86,0,1.14
114,Yebaishou,CN,2021-04-17 21:29:27,41.3975,119.6408,40.14,24,0,3.78
115,Yulara,AU,2021-04-17 21:29:28,-25.2406,130.9889,53.6,58,0,6.91
116,San Diego De La Union,MX,2021-04-17 21:29:28,21.4667,-100.8667,90.0,14,0,11.01
117,Luanda,AO,2021-04-17 21:24:51,-8.8368,13.2343,82.4,83,20,10.36
118,Ponta Do Sol,PT,2021-04-17 21:29:29,32.6667,-17.1,57.99,68,99,1.99
119,Tuatapere,NZ,2021-04-17 21:29:29,-46.1333,167.6833,54.0,84,95,10.0
120,Cidreira,BR,2021-04-17 21:29:29,-30.1811,-50.2056,71.42,83,100,10.07
121,Saint-Jean-Port-Joli,CA,2021-04-17 21:29:30,47.2171,-70.2658,42.8,80,100,9.22
122,Talnakh,RU,2021-04-17 21:29:30,69.4865,88.3972,-23.48,95,67,2.64
123,Katsuura,JP,2021-04-17 21:29:31,35.1333,140.3,61.0,67,100,8.99
124,Lavrentiya,RU,2021-04-17 21:29:31,65.5833,-171.0,31.68,89,100,11.5
125,Sisimiut,GL,2021-04-17 21:29:32,66.9395,-53.6735,17.06,82,100,6.11
126,Yavaros,MX,2021-04-17 21:29:32,26.7,-109.5167,91.99,34,0,12.59
127,Hamilton,US,2021-04-17 21:25:25,39.1834,-84.5333,54.0,66,90,5.75
128,Albany,US,2021-04-17 21:29:33,42.6001,-73.9662,51.01,52,100,6.76
129,Hailar,CN,2021-04-17 21:18:12,49.2,119.7,25.83,75,3,7.02
130,Faya,SA,2021-04-17 21:29:33,18.3851,42.4509,60.8,63,40,5.75
131,Mao,ES,2021-04-17 21:29:34,39.8885,4.2658,46.4,87,75,5.75
132,Balkanabat,TM,2021-04-17 21:29:34,39.5108,54.3671,71.46,31,3,4.99
133,Kaeo,NZ,2021-04-17 21:20:08,-35.1,173.7833,61.0,84,25,3.15
134,Torbay,CA,2021-04-17 21:29:35,47.6666,-52.7314,36.0,93,90,14.97
135,Madang,PG,2021-04-17 21:29:35,-5.2246,145.7966,74.21,96,100,5.86
136,Husavik,IS,2021-04-17 21:29:36,66.0449,-17.3389,39.2,93,90,8.05
137,Korla,CN,2021-04-17 21:29:36,41.7597,86.1469,62.26,26,96,5.97
138,Leningradskiy,RU,2021-04-17 21:29:36,69.3833,178.4167,33.28,84,94,10.36
139,Nanortalik,GL,2021-04-17 21:29:37,60.1432,-45.2371,25.66,54,1,31.43
140,Rocha,UY,2021-04-17 21:29:37,-34.4833,-54.3333,63.25,87,11,5.44
141,Nador,MA,2021-04-17 21:29:38,35.174,-2.9287,60.8,77,0,3.69
142,Tahe,CN,2021-04-17 21:29:38,52.3333,124.7333,29.71,82,11,4.27
143,Hithadhoo,MV,2021-04-17 21:29:38,-0.6,73.0833,82.08,63,10,6.04
144,Micheweni,TZ,2021-04-17 21:29:39,-4.9667,39.8333,78.26,88,100,11.25
145,Fort Saint James,CA,2021-04-17 21:29:39,54.4333,-124.25,51.85,79,100,3.04
146,Sinjar,IQ,2021-04-17 21:29:40,36.3209,41.8754,69.69,31,33,4.85
147,Takoradi,GH,2021-04-17 21:29:40,4.8845,-1.7554,81.75,78,40,10.02
148,Kousseri,CM,2021-04-17 21:29:41,12.0769,15.0306,86.0,9,91,3.44
149,Adrar,MR,2021-04-17 21:29:41,20.5022,-10.0711,77.18,20,0,10.38
150,Santa Cruz Do Capibaribe,BR,2021-04-17 21:29:42,-7.9575,-36.2047,73.45,82,99,6.98
151,Kafr Abil,JO,2021-04-17 21:29:42,32.4175,35.6694,71.6,35,23,4.32
152,Marquette,US,2021-04-17 21:29:25,46.5333,-87.6335,42.01,68,99,5.99
153,Mayo,US,2021-04-17 21:29:43,38.8876,-76.5119,57.99,62,90,4.61
154,Kincardine,GB,2021-04-17 21:29:43,56.0667,-3.7167,42.01,93,0,1.14
155,Chitral,PK,2021-04-17 21:29:43,35.8462,71.7858,48.15,57,13,4.03
156,Geraldton,AU,2021-04-17 21:29:44,-28.7667,114.6,64.4,45,61,2.3
157,Longyearbyen,SJ,2021-04-17 21:29:44,78.2186,15.6401,28.4,80,90,25.32
158,Chimore,BO,2021-04-17 21:29:45,-16.9833,-65.1333,78.42,93,4,0.83
159,Noshiro,JP,2021-04-17 21:29:45,40.2039,140.0242,51.8,92,100,6.33
160,Esperance,AU,2021-04-17 21:29:45,-33.8667,121.9,53.6,87,0,11.5
161,Saldanha,ZA,2021-04-17 21:29:46,-33.0117,17.9442,66.2,34,0,8.61
162,Kungurtug,RU,2021-04-17 21:29:46,50.5994,97.5228,32.52,82,99,1.88
163,Sao Filipe,CV,2021-04-17 21:29:47,14.8961,-24.4956,72.73,70,0,12.19
164,Kaitangata,NZ,2021-04-17 21:29:47,-46.2817,169.8464,55.0,73,100,4.0
165,Sesheke,ZM,2021-04-17 21:29:47,-17.4759,24.2968,66.18,55,37,8.34
166,Tilichiki,RU,2021-04-17 21:20:32,60.4667,166.1,23.34,84,95,9.48
167,Touros,BR,2021-04-17 21:29:48,-5.1989,-35.4608,77.0,88,40,5.75
168,Zhuhai,CN,2021-04-17 21:29:49,22.2769,113.5678,75.2,69,40,16.11
169,Yuanping,CN,2021-04-17 21:29:49,38.7153,112.7575,43.5,25,0,2.59
170,Niquelandia,BR,2021-04-17 21:29:49,-14.4739,-48.4597,76.19,70,45,3.22
171,Kharp,RU,2021-04-17 21:29:50,66.8014,65.8081,-4.7,93,24,7.09
172,Acarau,BR,2021-04-17 21:29:51,-2.8856,-40.12,79.54,81,8,13.62
173,Beringovskiy,RU,2021-04-17 21:29:51,63.05,179.3167,32.85,98,100,14.92
174,Kindia,GN,2021-04-17 21:29:51,10.0569,-12.8658,77.25,73,93,4.36
175,Cuiluan,CN,2021-04-17 21:29:52,47.72,128.648,34.83,89,61,2.01
176,Nikolskoye,RU,2021-04-17 21:19:56,59.7035,30.7861,48.2,34,0,8.95
177,Tasiilaq,GL,2021-04-17 21:29:53,65.6145,-37.6368,26.6,86,75,4.18
178,Maragogi,BR,2021-04-17 21:29:53,-9.0122,-35.2225,77.4,85,38,6.33
179,Provideniya,RU,2021-04-17 21:29:53,64.3833,-173.3,29.3,90,97,6.46
180,Fortuna,US,2021-04-17 21:29:54,40.5982,-124.1573,53.6,87,20,16.11
181,Victoria,HK,2021-04-17 21:29:31,22.2855,114.1577,73.99,67,99,20.54
182,Mercedes,AR,2021-04-17 21:29:54,-34.6515,-59.4307,75.99,62,100,5.99
183,Muscat,OM,2021-04-17 21:26:46,23.6139,58.5922,78.8,24,0,2.3
184,Barro,BR,2021-04-17 21:29:55,-6.7167,-38.8667,76.55,74,100,4.14
185,Saint-Pierre,RE,2021-04-17 21:29:56,-21.3393,55.4781,71.6,94,75,5.75
186,Bethel,US,2021-04-17 21:29:56,41.3712,-73.414,50.0,61,99,5.84
187,Kosonsoy,UZ,2021-04-17 21:29:56,41.2561,71.5508,57.2,51,100,4.61
188,Isangel,VU,2021-04-17 21:29:57,-19.55,169.2667,78.91,82,94,12.91
189,Spring Valley,US,2021-04-17 21:29:57,36.108,-115.245,73.99,18,20,9.22
190,Cherskiy,RU,2021-04-17 21:29:58,68.75,161.3,20.71,72,1,25.64
191,Killybegs,IE,2021-04-17 21:29:58,54.6333,-8.45,46.0,92,100,11.99
192,Qaanaaq,GL,2021-04-17 21:29:58,77.484,-69.3632,0.09,88,100,2.17
193,Kribi,CM,2021-04-17 21:29:59,2.95,9.9167,80.35,86,99,5.57
194,Canon City,US,2021-04-17 21:29:59,38.441,-105.2424,41.0,70,90,4.61
195,Georgetown,MY,2021-04-17 21:26:59,5.4112,100.3354,80.01,89,20,4.61
196,Saint-Philippe,RE,2021-04-17 21:30:00,-21.3585,55.7679,75.2,94,75,5.75
197,Lompoc,US,2021-04-17 21:30:00,34.6391,-120.4579,61.0,63,1,14.97
198,Dicamay,PH,2021-04-17 21:30:01,16.7561,122.0037,70.65,93,100,0.63
199,San Patricio,US,2021-04-17 21:30:01,28.017,-97.5169,63.0,72,90,18.41
200,Lagoa,PT,2021-04-17 21:30:01,39.05,-27.9833,61.25,91,51,17.65
201,Chalon-Sur-Saone,FR,2021-04-17 21:28:04,46.7833,4.85,50.0,57,0,6.91
202,Grimshaw,CA,2021-04-17 21:30:02,56.1834,-117.6027,60.8,33,90,14.97
203,Pryazha,RU,2021-04-17 21:30:02,61.6926,33.6216,32.0,74,0,2.24
204,Emborion,GR,2021-04-17 21:30:03,40.4833,21.55,50.0,100,100,2.28
205,Madaoua,NE,2021-04-17 21:25:13,14.073,5.96,88.72,7,64,6.93
206,Maceio,BR,2021-04-17 21:30:04,-9.6658,-35.7353,80.6,78,75,6.91
207,Penzance,GB,2021-04-17 21:27:06,50.1186,-5.5371,46.0,65,0,2.3
208,Vestmannaeyjar,IS,2021-04-17 21:30:04,63.4427,-20.2734,38.77,93,100,25.64
209,Riviere-Au-Renard,CA,2021-04-17 21:30:05,48.9957,-64.3971,35.6,75,75,11.5
210,Asau,RO,2021-04-17 21:30:05,46.4333,26.4,42.01,51,100,3.04
211,Chuy,UY,2021-04-17 21:30:06,-33.6971,-53.4616,64.09,89,4,6.42
212,Kasane,BW,2021-04-17 21:30:07,-17.8167,25.15,63.05,67,44,6.55
213,Arauco,CL,2021-04-17 21:30:07,-37.2463,-73.3175,59.0,82,90,10.36
214,Ziarat,PK,2021-04-17 21:30:07,30.3823,67.7282,50.32,29,0,6.22
215,Mabaruma,GY,2021-04-17 21:30:08,8.2,-59.7833,77.88,76,50,5.7
216,Port Lincoln,AU,2021-04-17 21:30:09,-34.7333,135.8667,57.33,76,25,4.18
217,Anadyr,RU,2021-04-17 21:30:09,64.75,177.4833,32.0,100,90,11.18
218,La Rioja,ES,2021-04-17 21:30:09,42.25,-2.5,41.0,65,75,8.05
219,Avarua,CK,2021-04-17 21:30:10,-21.2078,-159.775,82.4,74,11,8.05
220,Qui Nhon,VN,2021-04-17 21:30:10,13.7667,109.2333,72.93,90,9,6.69
221,Atambua,ID,2021-04-17 21:30:11,-9.1061,124.8925,71.53,86,92,3.62
222,Westport,US,2021-04-17 21:26:49,41.1415,-73.3579,53.6,47,90,12.66
223,Hyeres,FR,2021-04-17 21:30:11,43.1167,6.1167,52.0,66,0,6.91
224,Kimbe,PG,2021-04-17 21:20:33,-5.5502,150.1429,76.39,90,40,1.41
225,Dikson,RU,2021-04-17 21:30:12,73.5069,80.5464,-17.18,100,39,3.42
226,Pangnirtung,CA,2021-04-17 21:30:12,66.1451,-65.7125,5.23,94,84,2.13
227,Turayf,SA,2021-04-17 21:30:13,31.6725,38.6637,69.8,40,0,6.91
228,Aklavik,CA,2021-04-17 21:30:13,68.2191,-135.0107,46.4,36,20,6.91
229,Pontianak,ID,2021-04-17 21:26:05,-0.0333,109.3333,75.2,100,75,2.3
230,Houma,US,2021-04-17 21:30:14,29.5958,-90.7195,64.4,94,90,10.36
231,Barranca,PE,2021-04-17 21:30:14,-10.75,-77.7667,69.96,78,25,9.35
232,Buraydah,SA,2021-04-17 21:30:15,26.326,43.975,75.2,38,20,8.05
233,Santa Ana,US,2021-04-17 21:27:50,33.7456,-117.8678,77.0,59,20,6.91
234,Russell,US,2021-04-17 21:30:15,32.3502,-85.1999,73.4,49,90,5.75
235,Weatherford,US,2021-04-17 21:30:16,32.7593,-97.7972,57.99,63,57,4.0
236,Kavieng,PG,2021-04-17 21:30:16,-2.5744,150.7967,82.58,76,82,11.74
237,Morada Nova,BR,2021-04-17 21:30:17,-5.1067,-38.3725,74.98,89,83,5.23
238,Sarkand,KZ,2021-04-17 21:30:17,45.41,79.9186,50.38,54,46,6.62
239,Guerrero Negro,MX,2021-04-17 21:30:17,27.9769,-114.0611,66.16,58,1,19.57
240,Katobu,ID,2021-04-17 21:30:18,-4.9408,122.5276,73.74,90,51,2.46
241,Huanren,CN,2021-04-17 21:30:18,41.2647,125.3667,35.83,89,7,2.17
242,Hasaki,JP,2021-04-17 21:30:19,35.7333,140.8333,57.2,94,20,5.75
243,Sirsa,IN,2021-04-17 21:30:19,29.5333,75.0167,74.62,36,0,7.29
244,Skelleftea,SE,2021-04-17 21:30:20,64.7507,20.9528,34.0,86,14,4.61
245,Nemuro,JP,2021-04-17 21:30:20,43.3236,145.575,40.26,98,100,26.66
246,Mezen,RU,2021-04-17 21:30:20,65.8522,44.24,25.77,89,20,5.79
247,Hayesville,US,2021-04-17 21:26:11,44.986,-122.9829,80.6,17,1,3.44
248,Bull Savanna,JM,2021-04-17 21:30:21,17.8868,-77.5902,80.82,70,1,17.49
249,Kampot,KH,2021-04-17 21:30:18,10.6167,104.1833,80.6,83,40,2.3
250,Kyzyl,RU,2021-04-17 21:30:22,51.7,94.45,32.7,61,6,4.88
251,Yerbogachen,RU,2021-04-17 21:30:22,61.2767,108.0108,4.23,90,46,9.33
252,Koumac,NC,2021-04-17 21:30:22,-20.5667,164.2833,78.13,73,60,4.38
253,Collie,AU,2021-04-17 21:30:23,-33.3667,116.15,50.0,88,0,4.36
254,Kangaatsiaq,GL,2021-04-17 21:30:23,68.3065,-53.4641,12.33,69,100,7.63
255,Avera,US,2021-04-17 21:30:24,33.194,-82.5271,75.2,38,75,8.05
256,Linxia,CN,2021-04-17 21:30:24,35.6003,103.2064,43.66,44,80,0.94
257,Meiktila,MM,2021-04-17 21:30:25,20.8667,95.8667,75.83,63,4,6.33
258,Manado,ID,2021-04-17 21:30:25,1.487,124.8455,77.0,94,20,2.3
259,Kavaratti,IN,2021-04-17 21:30:25,10.5669,72.642,83.73,70,7,5.46
260,Nome,US,2021-04-17 21:30:26,64.5011,-165.4064,33.01,93,90,8.05
261,Rura,IN,2021-04-17 21:30:26,26.4833,79.9,78.44,34,2,7.27
262,Aden,YE,2021-04-17 21:30:27,12.7794,45.0367,80.06,73,0,16.51
263,Dunedin,NZ,2021-04-17 21:30:27,-45.8742,170.5036,52.68,59,100,3.94
264,Shenjiamen,CN,2021-04-17 21:30:27,29.9576,122.298,53.1,56,100,0.67
265,Sindor,RU,2021-04-17 21:30:28,62.8629,51.8905,27.3,72,50,9.53
266,Utete,TZ,2021-04-17 21:30:28,-7.986,38.758,71.17,95,19,2.53
267,Buala,SB,2021-04-17 21:30:29,-8.145,159.5921,83.3,74,74,5.55
268,Malmesbury,ZA,2021-04-17 21:30:29,-33.4608,18.7271,66.99,82,0,4.61
269,Valparaiso,CL,2021-04-17 21:30:29,-33.0393,-71.6273,59.0,100,90,6.91
270,Puerto Carreno,CO,2021-04-17 21:30:30,6.189,-67.4859,89.92,52,91,4.61
271,Saint-Joseph,RE,2021-04-17 21:30:30,-21.3667,55.6167,71.6,94,75,5.75
272,Bani Walid,LY,2021-04-17 21:30:31,31.7566,13.9942,59.11,76,100,19.37
273,Klaksvik,FO,2021-04-17 21:30:31,62.2266,-6.589,46.4,76,100,25.32
274,Grindavik,IS,2021-04-17 21:30:32,63.8424,-22.4338,37.4,75,90,12.66
275,Lapeer,US,2021-04-17 21:26:42,43.0514,-83.3188,55.4,44,90,6.53
276,Calvia,ES,2021-04-17 21:30:32,39.5657,2.5062,46.99,58,26,4.56
277,Georgiyevka,KZ,2021-04-17 21:30:32,43.0369,74.7114,48.2,81,45,2.24
278,Yuma,US,2021-04-17 21:25:50,32.7253,-114.6244,87.8,9,1,10.36
279,Caravelas,BR,2021-04-17 21:30:33,-17.7125,-39.2481,75.18,72,78,5.73
280,Magaria,NE,2021-04-17 21:26:16,12.9983,8.9099,87.22,7,100,3.69
281,Kolpny,RU,2021-04-17 21:30:34,52.2282,37.0368,41.22,91,100,4.34
282,Chuari Khas,IN,2021-04-17 21:30:34,32.4333,76.0167,56.8,72,100,6.87
283,Xichang,CN,2021-04-17 21:30:35,27.8964,102.2634,58.84,77,91,1.39
284,Souillac,MU,2021-04-17 21:30:35,-20.5167,57.5167,77.0,88,75,8.05
285,Soplaviento,CO,2021-04-17 21:30:36,10.3931,-75.1408,86.0,79,75,14.97
286,Kutum,SD,2021-04-17 21:30:36,14.2,24.6667,72.88,11,15,9.1
287,Shache,CN,2021-04-17 21:30:36,38.4167,77.2406,57.45,41,96,1.66
288,Zambezi,ZM,2021-04-17 21:30:37,-13.5432,23.1047,66.58,57,94,7.14
289,Byron Bay,AU,2021-04-17 21:30:37,-28.65,153.6167,59.0,82,91,12.66
290,Belmonte,BR,2021-04-17 21:30:38,-15.8631,-38.8828,77.0,78,20,8.05
291,Aasiaat,GL,2021-04-17 21:30:38,68.7098,-52.8699,8.73,84,100,8.97
292,Ronda,ES,2021-04-17 21:30:07,36.7423,-5.1671,60.01,61,3,3.31
293,Stromness,GB,2021-04-17 21:30:39,58.965,-3.296,42.8,87,68,16.11
294,Palana,RU,2021-04-17 21:30:39,59.1167,159.9667,26.8,87,65,13.09
295,Port Hardy,CA,2021-04-17 21:30:40,50.6996,-127.4199,62.6,48,1,3.44
296,Quillota,CL,2021-04-17 21:30:40,-32.8833,-71.2667,59.0,82,90,4.61
297,Gold Coast,AU,2021-04-17 21:30:41,-28.0,153.4333,64.0,72,20,10.36
298,Homer,US,2021-04-17 21:30:41,59.6425,-151.5483,50.0,46,1,8.05
299,Paita,PE,2021-04-17 21:30:41,-5.0892,-81.1144,78.8,61,0,14.97
300,Codrington,AU,2021-04-17 21:30:42,-38.2667,141.9667,52.56,92,55,7.9
301,Adana,TR,2021-04-17 21:30:42,36.985,35.2881,64.4,72,0,3.78
302,Naryan-Mar,RU,2021-04-17 21:30:43,67.6713,53.087,9.48,89,53,6.8
303,Fairview,US,2021-04-17 21:30:43,40.8126,-73.999,55.99,47,90,9.22
304,San Ramon,US,2021-04-17 21:30:43,37.7799,-121.978,82.0,22,1,3.44
305,Kudahuvadhoo,MV,2021-04-17 21:30:44,2.6708,72.8944,82.36,69,30,8.5
306,Luena,AO,2021-04-17 21:30:44,-11.7833,19.9167,60.6,76,19,4.56
307,Vila Franca Do Campo,PT,2021-04-17 21:30:45,37.7167,-25.4333,62.6,100,75,6.91
308,Vinh Yen,VN,2021-04-17 21:30:45,21.31,105.5967,69.8,88,90,3.44
309,Rio Tuba,PH,2021-04-17 21:30:46,8.5061,117.4317,79.97,80,100,7.56
310,Brae,GB,2021-04-17 21:30:46,60.3964,-1.353,42.8,75,0,19.57
311,Acapulco,MX,2021-04-17 21:30:46,16.8634,-99.8901,84.2,65,20,9.22
312,Bhuj,IN,2021-04-17 21:30:47,23.2667,69.6667,80.22,56,0,8.16
313,Amapa,BR,2021-04-17 21:30:47,1.0,-52.0,73.71,98,91,3.89
314,Rawson,AR,2021-04-17 21:30:48,-43.3002,-65.1023,63.41,54,99,20.02
315,Mahebourg,MU,2021-04-17 21:30:48,-20.4081,57.7,77.0,88,75,8.05
316,Berlevag,NO,2021-04-17 21:30:49,70.8578,29.0864,36.5,86,40,13.15
317,Buchanan,LR,2021-04-17 21:30:49,5.8808,-10.0467,78.8,94,75,2.33
318,Kidal,ML,2021-04-17 21:30:49,18.4411,1.4078,90.18,6,100,4.92
319,Henties Bay,NA,2021-04-17 21:30:50,-22.116,14.2845,79.0,46,99,1.01
320,Ixtapa,MX,2021-04-17 21:30:50,20.7,-105.2,82.4,61,1,12.66
321,Puiesti,RO,2021-04-17 21:30:51,46.4167,27.5,46.4,71,0,2.3
322,Longonjo,AO,2021-04-17 21:30:51,-12.9067,15.2533,63.1,77,30,2.17
323,Portland,US,2021-04-17 21:29:00,45.5234,-122.6762,82.99,22,1,5.75
324,Peleduy,RU,2021-04-17 21:30:52,59.6289,112.7406,-1.1,99,54,4.36
325,Vostok,RU,2021-04-17 21:30:52,46.4856,135.8833,37.06,57,23,3.06
326,Tabou,CI,2021-04-17 21:30:53,4.423,-7.3528,77.74,86,100,6.71
327,Nantucket,US,2021-04-17 21:26:23,41.2835,-70.0995,46.4,66,1,17.27
328,Wasilla,US,2021-04-17 21:30:53,61.5814,-149.4394,51.8,35,1,3.44
329,Noumea,NC,2021-04-17 21:30:54,-22.2763,166.4572,77.0,83,0,2.3
330,Fenelon Falls,CA,2021-04-17 21:30:54,44.5334,-78.7496,51.8,62,100,10.36
331,Wajima,JP,2021-04-17 21:30:55,37.4,136.9,47.73,72,89,33.71
332,Ambilobe,MG,2021-04-17 21:30:55,-13.2,49.05,73.36,96,43,3.76
333,Bonthe,SL,2021-04-17 21:30:55,7.5264,-12.505,79.07,80,100,3.02
334,Rassvet,RU,2021-04-17 21:30:56,46.8333,40.75,43.83,72,21,1.39
335,Vizinga,RU,2021-04-17 21:30:56,61.0749,50.1031,38.46,89,30,9.89
336,Cap Malheureux,MU,2021-04-17 21:30:57,-19.9842,57.6142,78.01,87,35,6.76
337,Santa Cruz,BO,2021-04-17 21:30:57,-17.8,-63.1667,74.97,85,82,2.51
338,Verkhnyaya Toyma,RU,2021-04-17 21:30:57,62.2349,44.9985,37.63,86,9,6.69
339,Kargasok,RU,2021-04-17 21:30:58,59.0556,80.8572,28.13,92,100,16.37
340,Leshukonskoye,RU,2021-04-17 21:30:58,64.8989,45.7622,27.32,82,27,7.47
341,Tiarei,PF,2021-04-17 21:30:59,-17.5333,-149.3333,87.8,62,20,13.8
342,Mosquera,CO,2021-04-17 21:30:59,4.7059,-74.2302,64.4,55,40,9.22
343,Hay River,CA,2021-04-17 21:31:00,60.8156,-115.7999,33.8,75,100,3.44
344,Milkovo,RU,2021-04-17 21:31:00,54.7167,158.6167,32.36,70,30,3.29
345,Am Timan,TD,2021-04-17 21:31:01,11.0297,20.2827,87.28,9,64,7.16
346,Port Keats,AU,2021-04-17 21:31:01,-14.25,129.55,74.5,44,100,12.41
347,Nipani,IN,2021-04-17 21:31:02,16.4,74.3833,75.97,62,19,3.31
348,Cabedelo,BR,2021-04-17 21:26:52,-6.9811,-34.8339,77.0,100,40,3.44
349,Susehri,TR,2021-04-17 21:31:02,40.1644,38.0867,55.6,73,100,2.82
350,Bambanglipuro,ID,2021-04-17 21:31:03,-7.95,110.2833,75.02,89,74,3.58
351,Lakes Entrance,AU,2021-04-17 21:31:03,-37.8811,147.981,52.84,70,11,8.19
352,Uyuni,BO,2021-04-17 21:31:04,-20.4597,-66.825,52.77,18,0,5.32
353,Vila Velha,BR,2021-04-17 21:26:25,-20.3297,-40.2925,78.01,78,40,3.44
354,Komsomolskiy,UZ,2021-04-17 21:31:04,40.4272,71.7189,57.2,51,99,4.61
355,Jalu,LY,2021-04-17 21:31:05,29.0331,21.5482,87.39,10,72,10.22
356,Knysna,ZA,2021-04-17 21:31:05,-34.0363,23.0471,57.2,72,0,3.44
357,Nuevo Imperial,PE,2021-04-17 21:31:06,-13.0754,-76.3172,72.55,72,28,6.13
358,Bodden Town,KY,2021-04-17 21:30:26,19.2833,-81.25,86.0,70,20,12.66
359,Maine-Soroa,NE,2021-04-17 21:31:07,13.2114,12.0241,88.02,7,77,7.16
360,Baykit,RU,2021-04-17 21:31:07,61.67,96.37,13.62,95,100,3.94
361,Paidha,UG,2021-04-17 21:31:07,2.4167,30.9855,64.51,80,90,3.78
362,Santa Luzia,BR,2021-04-17 21:30:45,-19.7697,-43.8514,73.4,64,0,5.75
363,Progreso,MX,2021-04-17 21:31:08,21.2833,-89.6667,106.0,24,40,8.05
364,Padang,ID,2021-04-17 21:31:08,-0.9492,100.3543,75.13,85,100,3.78
365,Kaihua,CN,2021-04-17 21:31:09,23.3687,104.28,60.57,97,100,3.33
366,Nizhnyaya Tavda,RU,2021-04-17 21:31:09,57.6731,66.1725,38.62,69,98,8.99
367,Laguna De Perlas,NI,2021-04-17 21:31:10,12.3429,-83.6712,86.0,74,40,9.22
368,Epe,NG,2021-04-17 21:31:10,6.5841,3.9834,79.83,88,100,4.9
369,Mikulovice,CZ,2021-04-17 21:31:10,50.2985,17.3215,37.0,90,100,1.01
370,Nara,JP,2021-04-17 21:27:22,34.6851,135.8049,51.01,93,40,3.44
371,Erzin,TR,2021-04-17 21:31:11,36.9559,36.2,62.6,82,75,2.3
372,Victor Harbor,AU,2021-04-17 21:31:11,-35.5667,138.6167,59.0,80,14,5.75
373,Coahuayana,MX,2021-04-17 21:31:12,18.7333,-103.6833,84.2,28,1,11.5
374,Altay,CN,2021-04-17 21:31:12,47.8667,88.1167,42.91,62,15,5.35
375,Hatillo,PR,2021-04-17 21:31:13,18.4863,-66.8254,87.01,74,1,9.22
376,Waingapu,ID,2021-04-17 21:31:13,-9.6567,120.2641,75.92,85,71,5.26
377,Trairi,BR,2021-04-17 21:31:14,-3.2778,-39.2689,77.7,86,13,7.74
378,Kabo,CF,2021-04-17 21:31:14,7.6994,18.629,82.56,41,98,1.23
379,Bubaque,GW,2021-04-17 21:31:15,11.2833,-15.8333,76.71,74,86,14.83
380,Nanlong,CN,2021-04-17 21:31:15,31.3533,106.0631,58.71,91,100,3.47
381,Selenduma,RU,2021-04-17 21:31:15,50.9131,106.2406,32.76,50,97,13.76
382,Galesong,ID,2021-04-17 21:31:16,-5.3166,119.3661,71.6,100,20,2.3
383,Birao,CF,2021-04-17 21:31:16,10.2849,22.7882,80.29,9,92,6.82
384,Flower Mound,US,2021-04-17 21:31:07,33.0146,-97.097,62.01,44,75,16.11
385,Benguela,AO,2021-04-17 21:31:17,-12.5763,13.4055,79.79,78,8,2.95
386,Faanui,PF,2021-04-17 21:31:17,-16.4833,-151.75,82.35,72,88,10.2
387,Kiunga,PG,2021-04-17 21:31:18,-6.1219,141.2906,73.45,99,100,0.45
388,Acaponeta,MX,2021-04-17 21:31:18,22.4964,-105.3594,92.89,19,60,11.5
389,Mackay,AU,2021-04-17 21:31:19,-21.15,149.2,71.6,83,90,13.8
390,Boma,GH,2021-04-17 21:31:19,7.0805,-2.1697,74.64,90,99,2.48
391,Kuloy,RU,2021-04-17 21:31:19,61.0305,42.4925,38.03,81,6,4.63
392,Zhuji,CN,2021-04-17 21:31:20,29.7188,120.2423,54.0,62,0,2.24
393,Maputo,MZ,2021-04-17 21:28:54,-25.9653,32.5892,69.01,77,20,3.44
394,Nedjo,ET,2021-04-17 21:31:20,9.5046,35.5019,67.41,27,96,3.36
395,Khulna,BD,2021-04-17 21:31:21,22.8135,89.5672,76.21,91,1,5.93
396,Olafsvik,IS,2021-04-17 21:31:21,64.8945,-23.7142,36.41,78,100,10.98
397,Berezovyy,RU,2021-04-17 21:31:22,51.6667,135.7,37.31,86,60,2.62
398,Istanbul,TR,2021-04-17 21:29:41,41.0351,28.9833,50.0,87,75,14.97
399,Usinsk,RU,2021-04-17 21:31:22,65.9939,57.5281,8.47,84,17,11.36
400,Farmington,US,2021-04-17 21:27:36,36.7281,-108.2187,57.0,22,75,5.75
401,Constantine,DZ,2021-04-17 21:31:23,36.365,6.6147,44.6,87,75,4.61
402,Balykshi,KZ,2021-04-17 21:31:23,47.0667,51.8667,59.0,58,0,8.95
403,Tigil,RU,2021-04-17 21:31:24,57.8,158.6667,30.69,89,93,7.94
404,College,US,2021-04-17 21:29:59,64.8569,-147.8028,46.4,45,1,3.04
405,Nishihara,JP,2021-04-17 21:31:24,26.1842,127.7558,66.2,67,40,14.97
406,Lasa,IT,2021-04-17 21:31:25,46.6166,10.7002,50.0,69,0,6.91
407,Marsh Harbour,BS,2021-04-17 21:31:25,26.5412,-77.0636,78.82,72,9,13.22
408,Verkhoyansk,RU,2021-04-17 21:31:26,67.5447,133.385,12.54,87,100,4.9
409,Abu Samrah,SY,2021-04-17 21:31:26,35.3029,37.1841,68.59,41,85,1.95
410,Lieksa,FI,2021-04-17 21:31:26,63.3167,30.0167,31.01,96,2,3.49
411,Comodoro Rivadavia,AR,2021-04-17 21:30:03,-45.8667,-67.5,62.6,55,0,5.75
412,Japura,ID,2021-04-17 21:31:27,-0.3167,102.35,70.9,98,98,2.51
413,Sitka,US,2021-04-17 21:31:27,57.0531,-135.33,55.4,54,1,3.44
414,Mount Pleasant,US,2021-04-17 21:31:28,32.7941,-79.8626,71.01,46,1,11.5
415,Shestakovo,RU,2021-04-17 21:31:28,56.4915,103.96,15.94,95,40,2.64
416,Korem,ET,2021-04-17 21:31:29,12.5058,39.5228,56.73,63,43,0.78
417,Honningsvag,NO,2021-04-17 21:31:29,70.9821,25.9704,37.04,79,2,15.19
418,Mana,GF,2021-04-17 21:31:30,5.6592,-53.7767,78.57,78,97,11.63
419,Taltal,CL,2021-04-17 21:31:30,-25.4,-70.4833,66.38,74,24,5.61
420,Chardara,KZ,2021-04-17 21:31:30,41.2547,67.9692,64.94,43,100,3.98
421,Salo,IT,2021-04-17 21:31:31,45.6086,10.531,51.01,53,75,2.3
422,Loknya,RU,2021-04-17 21:31:31,56.83,30.1467,45.48,78,76,7.7
423,Muros,ES,2021-04-17 21:31:32,42.7762,-9.0603,53.01,69,25,7.38
424,Gillette,US,2021-04-17 21:31:32,44.2911,-105.5022,51.8,32,1,12.66
425,Santa Vitoria Do Palmar,BR,2021-04-17 21:31:32,-33.5189,-53.3681,64.49,90,3,6.33
426,Salalah,OM,2021-04-17 21:31:33,17.0151,54.0924,78.8,73,0,2.3
427,Missoula,US,2021-04-17 21:31:33,47.0166,-113.8009,64.99,22,1,3.44
428,Contamana,PE,2021-04-17 21:31:34,-7.3333,-75.0167,78.28,93,100,2.46
429,Tahta,EG,2021-04-17 21:31:34,26.7693,31.5021,86.0,18,0,3.44
430,Yeppoon,AU,2021-04-17 21:31:35,-23.1333,150.7333,64.4,72,0,5.75
431,General Teran,MX,2021-04-17 21:31:35,25.2667,-99.6833,60.98,71,100,9.71
432,Vardo,NO,2021-04-17 21:31:35,70.3705,31.1107,35.13,91,96,9.64
433,Tynda,RU,2021-04-17 21:31:36,55.1667,124.7167,24.39,91,100,2.73
434,Ordzhonikidze,KZ,2021-04-17 21:31:36,52.4411,61.7408,50.2,72,7,3.29
435,Kuvshinovo,RU,2021-04-17 21:31:37,57.0295,34.1725,42.69,67,94,9.17
436,Samarai,PG,2021-04-17 21:31:37,-10.6167,150.6667,83.23,76,68,12.73
437,Nadym,RU,2021-04-17 21:31:38,65.5333,72.5167,-8.59,98,24,9.31
438,Lorengau,PG,2021-04-17 21:31:38,-2.0226,147.2712,81.86,74,83,13.0
439,Mookane,BW,2021-04-17 21:31:38,-23.688,26.6595,60.4,57,0,5.88
440,Chongqing,CN,2021-04-17 21:31:39,29.5628,106.5528,60.8,82,90,11.18
441,Smithers,CA,2021-04-17 21:29:30,54.7804,-127.1743,66.2,32,20,4.61
442,Clyde River,CA,2021-04-17 21:31:40,70.4692,-68.5914,8.6,78,90,17.27
443,Pemangkat,ID,2021-04-17 21:31:40,1.1667,108.9667,76.66,89,100,10.94
444,Egvekinot,RU,2021-04-17 21:31:40,66.3167,-179.1667,27.77,97,100,14.99
445,Parauna,BR,2021-04-17 21:31:41,-16.9478,-50.4486,74.84,64,48,3.15
446,Pokaran,IN,2021-04-17 21:31:41,26.9167,71.9167,79.2,24,0,7.72
447,Flinders,AU,2021-04-17 21:31:42,-34.5833,150.8552,54.0,87,12,1.01
448,Angola,AO,2021-04-17 21:31:42,-12.5,18.5,61.92,70,69,4.41
449,Tias,ES,2021-04-17 21:31:42,28.9611,-13.645,66.2,72,20,13.8
450,Mananjary,MG,2021-04-17 21:31:43,-21.2167,48.3333,71.24,71,100,10.89
451,Lac-Megantic,CA,2021-04-17 21:31:43,45.5834,-70.8823,44.6,53,90,10.36
452,Floriano,BR,2021-04-17 21:31:44,-6.7669,-43.0225,80.92,70,100,1.59
453,Batsfjord,NO,2021-04-17 21:31:44,70.6345,29.7185,34.0,91,65,10.89
454,Bakel,SN,2021-04-17 21:31:44,14.905,-12.4568,94.59,13,6,8.84
455,Kigorobya,UG,2021-04-17 21:31:45,1.6162,31.3089,70.39,75,78,2.93
456,Zhanaozen,KZ,2021-04-17 21:31:45,43.3,52.8,62.35,28,100,3.33
457,Taoudenni,ML,2021-04-17 21:31:46,22.6783,-3.9836,84.7,15,0,10.31
458,Manggar,ID,2021-04-17 21:31:46,-2.8833,108.2667,78.04,82,100,4.88
459,Khanino,RU,2021-04-17 21:31:46,54.211,36.6229,44.6,87,100,6.71
460,Camana,PE,2021-04-17 21:30:02,-16.6228,-72.7111,69.91,76,26,6.8
461,Aksarka,RU,2021-04-17 21:31:47,66.5606,67.7975,-12.84,99,61,4.36
462,Tchaourou,BJ,2021-04-17 21:31:47,8.8865,2.5975,79.36,64,88,6.13
463,Saint-Francois,FR,2021-04-17 21:31:48,46.4154,3.9054,50.0,50,0,10.36
464,Montrose,US,2021-04-17 21:31:48,38.4166,-108.2673,48.0,33,71,15.99
465,Necochea,AR,2021-04-17 21:31:49,-38.5473,-58.7368,72.0,77,72,1.01
466,Hami,CN,2021-04-17 21:31:49,42.8,93.45,61.14,16,93,13.35
467,Manavalakurichi,IN,2021-04-17 21:31:50,8.1333,77.3,84.2,79,40,3.44
468,San Juan,AR,2021-04-17 21:31:50,-31.5375,-68.5364,80.19,41,14,11.12
469,Zhigansk,RU,2021-04-17 21:31:51,66.7697,123.3711,13.73,94,100,8.97
470,Nurlat,RU,2021-04-17 21:31:51,54.4277,50.8051,43.11,60,1,9.95
471,Marica,BR,2021-04-17 21:31:52,-22.9194,-42.8186,80.01,83,0,11.5
472,Aksu,CN,2021-04-17 21:31:52,41.1231,80.2644,58.69,29,26,6.82
473,Port Arthur,CN,2021-04-17 21:31:52,38.8,121.2667,37.4,60,0,2.24
474,Longjiang,CN,2021-04-17 21:31:53,47.3303,123.1836,39.2,50,0,6.71
475,Lumut,MY,2021-04-17 21:31:53,4.2323,100.6298,75.2,94,20,2.93
476,Tshikapa,CD,2021-04-17 21:31:54,-6.4167,20.8,71.67,93,86,2.98
477,Vanimo,PG,2021-04-17 21:31:54,-2.6741,141.3028,76.68,87,98,4.79
478,Craigieburn,AU,2021-04-17 21:31:55,-37.6,144.95,55.4,82,75,8.05
479,Los Llanos De Aridane,ES,2021-04-17 21:31:55,28.6585,-17.9182,68.0,73,90,17.27
480,Yar-Sale,RU,2021-04-17 21:31:55,66.8333,70.8333,-10.07,98,51,9.46
481,Bathsheba,BB,2021-04-17 21:31:56,13.2167,-59.5167,82.4,57,20,18.41
482,Chernyshevskiy,RU,2021-04-17 21:31:56,63.0128,112.4714,6.84,90,100,10.94
483,Taganak,PH,2021-04-17 21:31:56,6.0833,118.3,75.2,94,20,4.61
484,Cahors,FR,2021-04-17 21:31:57,44.4167,1.3333,48.2,57,0,4.61
485,Dingle,PH,2021-04-17 21:31:57,10.9995,122.6711,76.14,79,100,8.39
486,Rio Grande,BR,2021-04-17 21:31:58,-32.035,-52.0986,75.2,73,20,11.5
487,Ust-Kulom,RU,2021-04-17 21:31:58,61.6864,53.6902,28.87,75,88,9.13
488,Staraya Kulatka,RU,2021-04-17 21:31:58,52.7167,47.6167,51.89,75,89,4.47
489,Port Blair,IN,2021-04-17 21:31:59,11.6667,92.75,80.37,75,59,4.63
490,Isabela,PH,2021-04-17 21:31:59,6.7085,121.9711,78.8,94,90,3.44
491,Tommot,RU,2021-04-17 21:32:00,58.9564,126.2925,28.33,85,100,5.48
492,Basco,PH,2021-04-17 21:32:00,20.4487,121.9702,76.48,74,99,34.83
493,Nambour,AU,2021-04-17 21:32:00,-26.6333,152.95,64.0,91,89,1.99
494,Helsinge,DK,2021-04-17 21:32:01,56.0228,12.1975,48.99,70,91,1.99
495,Hobyo,SO,2021-04-17 21:32:01,5.3505,48.5268,83.07,67,24,11.7
496,Lucea,JM,2021-04-17 21:32:02,18.451,-78.1736,84.2,74,40,18.41
497,Mirabad,AF,2021-04-17 21:32:02,30.4362,61.8383,73.51,19,89,11.63
498,Nambucca Heads,AU,2021-04-17 21:32:03,-30.65,153.0,59.0,72,91,13.8
499,Limon,CR,2021-04-17 21:32:03,10.0,-83.0333,75.2,100,90,3.44
500,Yekaterinovka,RU,2021-04-17 21:32:03,52.0508,44.3451,44.98,92,89,6.22
501,Dhidhdhoo,MV,2021-04-17 21:27:28,6.8833,73.1,84.0,71,19,5.66
502,Santa Maria,BR,2021-04-17 21:32:04,-29.6842,-53.8069,77.0,65,20,6.91
503,Aviles,ES,2021-04-17 21:32:05,43.5547,-5.9248,48.0,71,0,6.91
504,Pervomayskiy,RU,2021-04-17 21:32:05,53.2485,40.2871,46.0,83,100,3.8
505,Timbiqui,CO,2021-04-17 21:32:06,2.7717,-77.6654,80.01,78,100,3.47
506,Asekeyevo,RU,2021-04-17 21:32:06,53.5742,52.7972,45.99,62,3,9.19
507,San Cristobal,VE,2021-04-17 21:32:06,7.7669,-72.225,86.0,54,40,16.11
508,Aykhal,RU,2021-04-17 21:32:07,66.0,111.5,0.64,97,100,18.34
509,Sola,VU,2021-04-17 21:32:07,-13.8833,167.55,84.2,79,75,15.12
510,Bogorodskoye,RU,2021-04-17 21:32:08,56.55,37.8833,43.65,67,56,12.1
511,Toamasina,MG,2021-04-17 21:32:08,-18.1667,49.3833,73.4,94,75,14.97
512,Ibra,OM,2021-04-17 21:32:09,22.6906,58.5334,76.57,41,79,4.25
513,Ukiah,US,2021-04-17 21:32:09,39.1502,-123.2078,84.2,15,1,6.91
514,Zemetchino,RU,2021-04-17 21:32:09,53.4973,42.6163,47.08,89,100,4.59
515,Hailun,CN,2021-04-17 21:32:10,47.45,126.9333,37.85,78,1,3.36
516,Tual,ID,2021-04-17 21:32:10,-5.6667,132.75,78.55,86,100,9.6
517,Alexandria,EG,2021-04-17 21:28:26,31.2156,29.9553,69.8,49,0,9.22
518,Shouguang,CN,2021-04-17 21:32:11,36.88,118.7375,45.43,31,0,5.23
519,Urumqi,CN,2021-04-17 21:30:39,43.801,87.6005,59.0,36,0,2.24
520,Kangaba,ML,2021-04-17 21:32:11,11.9333,-8.4167,81.95,54,94,3.44
521,Kizukuri,JP,2021-04-17 21:32:12,40.8061,140.3861,54.0,91,100,1.99
522,Iberia,US,2021-04-17 21:32:12,29.9502,-91.7507,62.6,82,90,11.5
523,Broken Hill,AU,2021-04-17 21:32:13,-31.95,141.4333,44.6,76,0,4.61
524,La Ronge,CA,2021-04-17 21:32:13,55.1001,-105.2842,50.0,37,100,13.8
525,Omaruru,NA,2021-04-17 21:32:13,-21.4333,15.9333,68.61,34,66,5.91
526,Rehoboth,NA,2021-04-17 21:32:14,-23.3167,17.0833,63.39,53,90,2.13
527,Puerto Escondido,MX,2021-04-17 21:32:14,15.85,-97.0667,86.0,70,40,8.05
528,Dalvik,IS,2021-04-17 21:32:15,65.9702,-18.5286,39.2,93,90,8.05
529,Sri Aman,MY,2021-04-17 21:32:15,1.2376,111.4621,73.4,100,100,1.03
530,Perelyub,RU,2021-04-17 21:32:15,51.8667,50.3667,53.19,78,75,5.19
531,Nouadhibou,MR,2021-04-17 21:32:16,20.931,-17.0347,66.2,77,0,14.97
532,Lucapa,AO,2021-04-17 21:32:16,-8.4192,20.7447,64.65,94,62,3.91
533,Hirara,JP,2021-04-17 21:32:17,24.8,125.2833,68.63,64,23,28.63
534,Okha,RU,2021-04-17 21:32:17,53.5739,142.9478,33.12,99,100,7.34
535,Shaoyang,CN,2021-04-17 21:32:17,27.2315,111.4525,60.48,93,100,4.03
536,Taldan,RU,2021-04-17 21:32:18,53.6667,124.8,28.33,84,46,3.33
537,Atar,MR,2021-04-17 21:32:18,20.5169,-13.0499,79.27,18,0,9.15
538,Osypenko,UA,2021-04-17 21:32:19,46.9136,36.8253,46.99,100,15,11.99
539,Along,IN,2021-04-17 21:32:19,28.1667,94.7667,65.01,87,97,1.05
540,Moussoro,TD,2021-04-17 21:32:20,13.6408,16.4901,86.18,6,56,13.13
541,Cotonou,BJ,2021-04-17 21:32:20,6.3654,2.4183,84.2,84,40,12.66
542,Kuryk,KZ,2021-04-17 21:32:21,43.2,51.65,59.85,40,99,4.7
543,Mackenzie,CA,2021-04-17 21:32:21,55.2999,-123.1698,59.0,33,1,5.75
544,Samdrup Jongkhar,BT,2021-04-17 21:32:22,26.9167,91.6167,62.13,79,68,2.71
545,Vicosa Do Ceara,BR,2021-04-17 21:32:22,-3.5622,-41.0922,69.08,89,35,4.29
546,Dunkwa,GH,2021-04-17 21:32:23,5.9656,-1.78,75.83,93,99,3.51
547,Inhambane,MZ,2021-04-17 21:32:23,-23.865,35.3833,68.85,68,97,7.52
548,Haines Junction,CA,2021-04-17 21:32:23,60.7522,-137.5108,55.4,24,13,5.75
549,Nelson Bay,AU,2021-04-17 21:32:24,-32.7167,152.15,54.0,100,90,12.66
550,Xapuri,BR,2021-04-17 21:32:24,-10.6517,-68.5044,76.66,93,99,3.09
551,San Carlos,VE,2021-04-17 21:32:25,9.6612,-68.5827,88.52,48,98,3.2
552,Ajdabiya,LY,2021-04-17 21:32:25,30.7554,20.2263,77.77,33,100,17.34
553,Sao Joao Da Barra,BR,2021-04-17 21:32:26,-21.6403,-41.0511,77.0,78,40,13.8
554,Baripada,IN,2021-04-17 21:32:26,21.935,86.7214,80.87,64,32,12.55
555,Tarancon,ES,2021-04-17 21:32:26,40.0085,-3.0073,51.01,43,4,8.21
556,Huarmey,PE,2021-04-17 21:32:27,-10.0681,-78.1522,72.05,77,40,11.32
